model,target,n_features,mae,rmse,spearman_rho,pr_auc,roc_auc,f1_opt,opt_threshold,precision_opt,recall_opt,accuracy_opt,best_alpha,n_train,n_test
DINOv2_ridge_agg_log_mean_tests,log_mean_tests,768,0.5313638219580317,0.643458983129992,0.250069715414274,0.15312771121115587,0.7330539682539683,0.260596546310832,0.5213636993318377,0.15173674588665448,0.9222222222222223,0.5119170984455959,1.0,6035,965
