model,target,n_features,mae,rmse,spearman_rho,pr_auc,roc_auc,f1_opt,opt_threshold,precision_opt,recall_opt,accuracy_opt,best_alpha,n_train,n_test
DINOv2_ridge_agg_coverage_fraction,coverage_fraction,768,0.04303475007930338,0.05245077706981235,0.2279522864572869,0.1536915820572968,0.7180190476190477,0.22994652406417113,0.030052571507716813,0.13069908814589665,0.9555555555555556,0.40310880829015544,1.0,6035,965
