model,target,n_features,mae,rmse,spearman_rho,pr_auc,roc_auc,f1_opt,opt_threshold,precision_opt,recall_opt,accuracy_opt,best_alpha,n_train,n_test
DINOv2_ridge_agg_log_mean_tests,log_mean_tests,768,0.6303194511786223,0.7533611446879984,0.2874864593020347,0.20484953108585244,0.7622476190476191,0.28901734104046245,0.6351047718953576,0.17482517482517482,0.8333333333333334,0.6176165803108808,0.1,6035,965
