model,target,n_features,mae,rmse,spearman_rho,pr_auc,roc_auc,f1_opt,opt_threshold,precision_opt,recall_opt,accuracy_opt,best_alpha,n_train,n_test
MOSAIKS_ridge_agg_coverage_fraction,coverage_fraction,4096,0.044906969203432796,0.05538083921589841,0.15745965226607375,0.11440753731584678,0.6352000000000001,0.2787682333873582,0.03635851266096779,0.16318785578747627,0.9555555555555556,0.538860103626943,0.01,6035,965
