model,target,n_features,mae,rmse,spearman_rho,pr_auc,roc_auc,f1_opt,opt_threshold,precision_opt,recall_opt,accuracy_opt,best_alpha,n_train,n_test
MOSAIKS_ridge_agg_log_mean_tests,log_mean_tests,4096,0.6858851693023303,0.7878481144780384,0.2635491430054639,0.14936388914520687,0.7337904761904762,0.2590975254730713,0.5384835378372372,0.1490787269681742,0.9888888888888889,0.47253886010362695,0.01,6035,965
