model,target,n_features,mae,rmse,spearman_rho,pr_auc,roc_auc,f1_opt,opt_threshold,precision_opt,recall_opt,accuracy_opt,best_alpha,n_train,n_test
MOSAIKS_ridge_agg_log_mean_tests,log_mean_tests,4096,0.7571933280742066,0.9088327383267378,0.14958386452355873,0.11238465166585129,0.6275809523809524,0.25,0.543218517639616,0.14381270903010032,0.9555555555555556,0.46528497409326425,0.01,6035,965
