Model,N chips,MAE,RMSE,Spearman rho,Mean residual,Residual std
Prithvi-only,965,0.5923065007941904,0.6873373023645489,0.26927801946808355,0.45613431078318634,0.5141731787521817
Fusion,965,0.16041342381101506,0.29748263550559556,0.5314857545806073,0.077653671679338,0.28716863634817885
