Model,PR-AUC,ROC-AUC,F1,Precision,Recall,Accuracy,Threshold
Prithvi-300M Linear,0.07667445319879171,0.4096952380952381,0.18448023426061494,0.10623946037099494,0.7,0.4227979274611399,0.6513513326644897
