Model,PR-AUC,ROC-AUC,F1,Precision,Recall,Accuracy,Threshold
MOSAIKS + Ridge,0.11182840739618914,0.6252825396825397,0.25146198830409355,0.1447811447811448,0.9555555555555556,0.4694300518134715,-0.37205910833654343
