Model,PR-AUC,ROC-AUC,F1,Precision,Recall,Accuracy,Threshold
DINOv2 + LogReg,0.22586634486026652,0.7889015873015872,0.2928709055876686,0.17715617715617715,0.8444444444444444,0.6196891191709845,0.5218754798404928
