Model,PR-AUC,ROC-AUC,F1,Precision,Recall,Accuracy,Threshold
ResNet-18 + LogReg,0.17107814648149405,0.7455619047619048,0.32463768115942027,0.2196078431372549,0.6222222222222222,0.7585492227979275,0.5830127819788291
