Model,PR-AUC,ROC-AUC,F1,Precision,Recall,Accuracy,Threshold
XGBoost (Engineered),0.9490797868731904,0.988952380952381,0.8333333333333334,0.7843137254901961,0.8888888888888888,0.966839378238342,0.5216687321662903
