Model,N chips,MAE,RMSE,Spearman rho,Mean residual,Residual std
Prithvi-only,965,0.5658890573852238,0.6118044538223084,0.13681823807478766,0.36596040972059246,0.4902832530629098
Fusion,965,0.1178326101571377,0.2796147963851714,0.5168330773475516,0.029253585987763057,0.27808031585205273
