model,target,mae,rmse,spearman_rho,pr_auc,roc_auc,f1_opt,opt_threshold,precision_opt,recall_opt,accuracy_opt,n_train,n_test
Prithvi_300M_TL_linear_log_mean_tests,log_mean_tests,0.3964650855813744,0.5044667602297901,0.35474530623379325,0.3052911588921367,0.8269333333333334,0.21705426356589147,0.5966086387634277,0.358974358974359,0.15555555555555556,0.8953367875647669,6035,965
