model,target,mae,rmse,spearman_rho,pr_auc,roc_auc,f1_opt,opt_threshold,precision_opt,recall_opt,accuracy_opt,n_train,n_test
Prithvi_300M_mlp_agg_log_mean_tests,log_mean_tests,0.5648722819013116,0.6104384848205452,0.1498284806856001,0.11812151931699875,0.635968253968254,0.21226415094339623,0.5210620760917664,0.11873350923482849,1.0,0.3077720207253886,6035,965
