model,target,mae,rmse,spearman_rho,pr_auc,roc_auc,f1_opt,opt_threshold,precision_opt,recall_opt,accuracy_opt,n_train,n_test
Prithvi_300M_TL_linear_coverage_fraction,coverage_fraction,0.018469715144905353,0.026776605398817942,0.3584369486683157,0.3280984951000062,0.834425396825397,0.26153846153846155,0.03075333684682846,0.425,0.18888888888888888,0.900518134715026,6035,965
