model,target,mae,rmse,spearman_rho,pr_auc,roc_auc,f1_opt,opt_threshold,precision_opt,recall_opt,accuracy_opt,n_train,n_test
Prithvi_300M_mlp_agg_log_mean_tests,log_mean_tests,0.5634554342819436,0.609364903564796,-0.21131045537045984,0.06270405138297118,0.30311746031746034,0.145933014354067,0.5192097425460815,0.08176943699731903,0.6777777777777778,0.2601036269430052,6035,965
