model,target,mae,rmse,spearman_rho,pr_auc,roc_auc,f1_opt,opt_threshold,precision_opt,recall_opt,accuracy_opt,n_train,n_test
Prithvi_300M_TL_xgboost_log_mean_tests,log_mean_tests,0.3236810882041094,0.48928092349184155,0.34177519305787385,0.2705454750925222,0.8067682539682539,0.16071428571428573,0.8121398091316223,0.4090909090909091,0.1,0.9025906735751296,6035,965
