model,target,mae,rmse,spearman_rho,pr_auc,roc_auc,f1_opt,opt_threshold,precision_opt,recall_opt,accuracy_opt,n_train,n_test
Prithvi_300M_TL_linear_log_mean_tests,log_mean_tests,0.38715202654099534,0.49954615390589896,0.3492846970055611,0.30725148502280836,0.8241269841269842,0.20689655172413793,0.5466045141220093,0.46153846153846156,0.13333333333333333,0.9046632124352332,6035,965
