model,target,mae,rmse,spearman_rho,pr_auc,roc_auc,f1_opt,opt_threshold,precision_opt,recall_opt,accuracy_opt,n_train,n_test
Prithvi_300M_mlp_agg_coverage_fraction,coverage_fraction,0.03237545297866863,0.03576015573232662,0.24933301425309978,0.19015784754241002,0.7270857142857142,0.282312925170068,0.031984224915504456,0.16666666666666666,0.9222222222222223,0.5626943005181347,6035,965
