model,target,mae,rmse,spearman_rho,pr_auc,roc_auc,f1_opt,opt_threshold,precision_opt,recall_opt,accuracy_opt,n_train,n_test
Prithvi_300M_linear_agg_log_mean_tests,log_mean_tests,0.5654004665771114,0.6108381345287631,0.2317483478711369,0.1885978857871928,0.714984126984127,0.19545454545454546,0.5217360854148865,0.10886075949367088,0.9555555555555556,0.26632124352331604,6035,965
