model,target,mae,rmse,spearman_rho,pr_auc,roc_auc,f1_opt,opt_threshold,precision_opt,recall_opt,accuracy_opt,n_train,n_test
Prithvi_300M_linear_agg_log_mean_tests,log_mean_tests,0.5662306144982239,0.611470993458928,0.007302740953537514,0.0903257811951559,0.5171174603174603,0.18423973362930077,0.5227815508842468,0.10234278668310727,0.9222222222222223,0.23834196891191708,6035,965
