model,target,mae,rmse,spearman_rho,pr_auc,roc_auc,f1_opt,opt_threshold,precision_opt,recall_opt,accuracy_opt,n_train,n_test
Prithvi_300M_TL_mlp_log_mean_tests,log_mean_tests,0.5635807604904436,0.609451290320618,0.31973143794756065,0.2456488451168848,0.7895301587301587,0.0,0.5195432305335999,0.0,0.0,0.9067357512953368,6035,965
