model,target,mae,rmse,spearman_rho,pr_auc,roc_auc,f1_opt,opt_threshold,precision_opt,recall_opt,accuracy_opt,n_train,n_test
Prithvi_300M_TL_mlp_log_mean_tests,log_mean_tests,0.5654811789869462,0.6108967905125737,0.2809946331921393,0.1773089645687509,0.7567619047619049,0.16568047337278108,0.5219545960426331,0.17721518987341772,0.15555555555555556,0.8538860103626943,6035,965
