model,target,n_features,mae,rmse,spearman_rho,pr_auc,roc_auc,f1_opt,opt_threshold,precision_opt,recall_opt,accuracy_opt,best_alpha,n_train,n_test
ResNet-18_ridge_agg_log_mean_tests,log_mean_tests,512,0.5832161533829124,0.6989374017535257,0.20964033643539498,0.16374057447394064,0.6920126984126984,0.23890784982935154,0.5797101600221245,0.14112903225806453,0.7777777777777778,0.5378238341968912,100.0,6035,965
