model,target,n_features,mae,rmse,spearman_rho,pr_auc,roc_auc,f1_opt,opt_threshold,precision_opt,recall_opt,accuracy_opt,best_alpha,n_train,n_test
ResNet-18_ridge_agg_coverage_fraction,coverage_fraction,512,0.03395434875476208,0.04881413687140461,0.21525098903095205,0.14315271856837597,0.7087492063492065,0.28629856850715746,0.028301085105556047,0.17543859649122806,0.7777777777777778,0.6383419689119171,100.0,6035,965
