model,target,n_features,mae,rmse,spearman_rho,pr_auc,roc_auc,f1_opt,opt_threshold,precision_opt,recall_opt,accuracy_opt,best_alpha,n_train,n_test
ResNet-18_ridge_agg_log_mean_tests,log_mean_tests,512,0.6520854482342427,0.8657928311339205,0.2268216864782712,0.1557552685612556,0.7249777777777778,0.29591836734693877,0.7172335420694816,0.19205298013245034,0.6444444444444445,0.7139896373056995,1.0,6035,965
